{
  "COLOR_BACKGROUND":
  {"R":18,"G":31,"B":43,"A":255},
  "COLOR_FOREGROUND":{"R":255,"G":255,"B":255,"A":255},
  "COLOR_SHADOW":{"R":0,"G":0,"B":0,"A":255},
  "COLOR_SCROLLBAR":{"R":83,"G":110,"B":123,"A":255},
  "COLOR_HOVER":{"R":58,"G":88,"B":109,"A":255},
  "COLOR_FOCUS":{"R":0,"G":150,"B":214,"A":255},
  "COLOR_DISABLED":{"R":153,"G":153,"B":153,"A":255},
  "COLOR_PLACEHOLDER":{"R":153,"G":153,"B":153,"A":255},
  "COLOR_INPUT_BACKGROUND":{"R":29,"G":45,"B":57,"A":255},
  "COLOR_BUTTON":{"R":0,"G":150,"B":214,"A":255},
  "COLOR_PRIMARY":{"R":255,"G":255,"B":255,"A":255},
  "COLOR_PRESSED":{"R":0,"G":102,"B":153,"A":255}
}
