{
  "COLOR_BACKGROUND":{"R":31,"G":51,"B":44,"A":255},
  "COLOR_FOREGROUND":{"R":255,"G":255,"B":255,"A":255},
  "COLOR_SHADOW":{"R":12,"G":20,"B":18,"A":255},
  "COLOR_SCROLLBAR":{"R":88,"G":147,"B":123,"A":255},
  "COLOR_HOVER":{"R":54,"G":91,"B":77,"A":255},
  "COLOR_FOCUS":{"R":0,"G":79,"B":61,"A":255},
  "COLOR_DISABLED":{"R":93,"G":147,"B":130,"A":255},
  "COLOR_PLACEHOLDER":{"R":156,"G":215,"B":197,"A":255},
  "COLOR_INPUT_BACKGROUND":{"R":12,"G":27,"B":22,"A":255},
  "COLOR_BUTTON":{"R":88,"G":147,"B":123,"A":255},
  "COLOR_PRIMARY":{"R":255,"G":255,"B":255,"A":255},
  "COLOR_PRESSED":{"R":31,"G":51,"B":44,"A":255}
}
