{
  "COLOR_BACKGROUND": {"R": 40, "G": 42, "B": 54, "A": 255},
  "COLOR_FOREGROUND": {"R": 248, "G": 248, "B": 242, "A": 255},
  "COLOR_SHADOW": {"R": 68, "G": 71, "B": 90, "A": 255},
  "COLOR_SCROLLBAR": {"R": 68, "G": 71, "B": 90, "A": 255},
  "COLOR_HOVER": {"R": 68, "G": 71, "B": 90, "A": 255},
  "COLOR_FOCUS": {"R": 92, "G": 99, "B": 112, "A": 255},
  "COLOR_DISABLED": {"R": 68, "G": 71, "B": 90, "A": 255},
  "COLOR_PLACEHOLDER": {"R": 92, "G": 99, "B": 112, "A": 255},
  "COLOR_INPUT_BACKGROUND": {"R": 68, "G": 71, "B": 90, "A": 255},
  "COLOR_BUTTON": {"R": 92, "G": 99, "B": 112, "A": 255},
  "COLOR_PRIMARY": {"R": 248, "G": 248, "B": 242, "A": 255},
  "COLOR_PRESSED": {"R": 92, "G": 99, "B": 112, "A": 255}
}
