{
  "COLOR_BACKGROUND": {"R": 240, "G": 240, "B": 240, "A": 255},
  "COLOR_FOREGROUND": {"R": 102, "G": 102, "B": 102, "A": 255},
  "COLOR_SHADOW": {"R": 102, "G": 102, "B": 102, "A": 255},
  "COLOR_SCROLLBAR": {"R": 179, "G": 179, "B": 179, "A": 255},
  "COLOR_HOVER": {"R": 217, "G": 217, "B": 217, "A": 255},
  "COLOR_FOCUS": {"R": 51, "G": 51, "B": 51, "A": 255},
  "COLOR_DISABLED": {"R": 153, "G": 153, "B": 153, "A": 255},
  "COLOR_PLACEHOLDER": {"R": 153, "G": 153, "B": 153, "A": 255},
  "COLOR_INPUT_BACKGROUND": {"R": 255, "G": 255, "B": 255, "A": 255},
  "COLOR_BUTTON": {"R": 179, "G": 179, "B": 179, "A": 255},
  "COLOR_PRIMARY": {"R": 100, "G": 100, "B": 100, "A": 255},
  "COLOR_PRESSED": {"R": 128, "G": 128, "B": 128, "A": 255}
}
