{
  "COLOR_BACKGROUND":
  {"R":255,"G":0,"B":0,"A":255},
  "COLOR_FOREGROUND":{"R":255,"G":255,"B":255,"A":255},
  "COLOR_SHADOW":{"R":0,"G":0,"B":0,"A":127},
  "COLOR_SCROLLBAR":{"R":224,"G":224,"B":224,"A":255},
  "COLOR_HOVER":{"R":255,"G":198,"B":0,"A":255},
  "COLOR_FOCUS":{"R":255,"G":198,"B":0,"A":255},
  "COLOR_DISABLED":{"R":192,"G":192,"B":192,"A":255},
  "COLOR_PLACEHOLDER":{"R":192,"G":192,"B":192,"A":255},
  "COLOR_INPUT_BACKGROUND":{"R":100,"G":100,"B":100,"A":255},
  "COLOR_BUTTON":{"R":255,"G":198,"B":0,"A":255},
  "COLOR_PRIMARY":{"R":255,"G":198,"B":0,"A":255},
  "COLOR_PRESSED":{"R":255,"G":128,"B":0,"A":255}
}
