{
  "COLOR_BACKGROUND":
  {"R":7,"G":16,"B":25,"A":255},
  "COLOR_FOREGROUND":{"R":52,"G":104,"B":154,"A":255},
  "COLOR_SHADOW":{"R":0,"G":0,"B":0,"A":255},
  "COLOR_SCROLLBAR":{"R":69,"G":114,"B":166,"A":255},
  "COLOR_HOVER":{"R":84,"G":156,"B":206,"A":255},
  "COLOR_FOCUS":{"R":114,"G":182,"B":228,"A":255},
  "COLOR_TEXT":{"R":255,"G":255,"B":255,"A":255},
  "COLOR_DISABLED":{"R":132,"G":132,"B":132,"A":255},
  "COLOR_PLACEHOLDER":{"R":176,"G":176,"B":176,"A":255},
  "COLOR_INPUT_BACKGROUND":{"R":23,"G":34,"B":44,"A":255},
  "COLOR_BUTTON":{"R":114,"G":182,"B":228,"A":255},
  "COLOR_PRIMARY":{"R":255,"G":255,"B":255,"A":255},
  "COLOR_PRESSED":{"R":69,"G":114,"B":166,"A":255}
}
